Experiment,Tag,Seed,Trigger,Arch_Pair,L_Mode,Tau,Dist_Ep,Temp,V_Temp,RW,Delta,D_Min,Beta,NQ,Trig_Size,T_Acc,Base_Acc,Design,Base_Sig,Base_P,Base_Ver,FT1%_Acc,FT1%_Sig,FT1%_P,FT1%_Ver,FT5%_Acc,FT5%_Sig,FT5%_P,FT5%_Ver,FT10%_Acc,FT10%_Sig,FT10%_P,FT10%_Ver,P_Gap,FP_Rate,Min_P,Median_P,PRUNE_25%_Acc,PRUNE_25%_DeltaPP,PRUNE_25%_Sig,PRUNE_25%_P,PRUNE_25%_Log10P,PRUNE_25%_Ver,PRUNE_25%_P_MR,PRUNE_25%_P_ST1,PRUNE_50%_Acc,PRUNE_50%_DeltaPP,PRUNE_50%_Sig,PRUNE_50%_P,PRUNE_50%_Log10P,PRUNE_50%_Ver,PRUNE_50%_P_MR,PRUNE_50%_P_ST1,PRUNE_75%_Acc,PRUNE_75%_DeltaPP,PRUNE_75%_Sig,PRUNE_75%_P,PRUNE_75%_Log10P,PRUNE_75%_Ver,PRUNE_75%_P_MR,PRUNE_75%_P_ST1,INT8_QUANT_Acc,INT8_QUANT_DeltaPP,INT8_QUANT_Sig,INT8_QUANT_P,INT8_QUANT_Log10P,INT8_QUANT_Ver,INT8_QUANT_P_MR,INT8_QUANT_P_ST1
ExpA12_OwnDataMain,c10v5_own_resnet20_resnet20,N/A,OWN,resnet20 -> resnet20,soft,N/A,80,5,10.0,0.1,5.0,N/A,0.5,50000,5046,92.6%,83.8%,mean_rest,0.0066,2.0e-33,True,83.8%,0.0065,4.2e-30,True,83.8%,0.0061,6.8e-30,True,83.7%,0.0061,1.4e-28,True,N/A,N/A,N/A,N/A,N/A,N/A,N/A,N/A,N/A,N/A,N/A,N/A,N/A,N/A,N/A,N/A,N/A,N/A,N/A,N/A,N/A,N/A,N/A,N/A,N/A,N/A,N/A,N/A,N/A,N/A,N/A,N/A,N/A,N/A,N/A,N/A
ExpA12_OwnDataMain,c10v5_own_resnet20_vgg11,N/A,OWN,resnet20 -> vgg11,soft,N/A,80,5,10.0,0.1,5.0,N/A,0.5,50000,4971,92.6%,86.2%,mean_rest,0.0075,3.0e-113,True,86.1%,0.0063,4.8e-139,True,86.2%,0.0062,2.0e-118,True,86.4%,0.0062,2.5e-114,True,N/A,N/A,N/A,N/A,N/A,N/A,N/A,N/A,N/A,N/A,N/A,N/A,N/A,N/A,N/A,N/A,N/A,N/A,N/A,N/A,N/A,N/A,N/A,N/A,N/A,N/A,N/A,N/A,N/A,N/A,N/A,N/A,N/A,N/A,N/A,N/A
ExpA12_OwnDataMain,c10v5_own_vgg11_vgg11,N/A,OWN,vgg11 -> vgg11,soft,N/A,80,5,10.0,0.1,5.0,N/A,0.5,50000,5053,92.8%,84.7%,mean_rest,0.0067,1.6e-151,True,83.9%,0.0049,2.6e-142,True,84.2%,0.0049,9.1e-151,True,83.8%,0.0047,6.5e-137,True,N/A,N/A,N/A,N/A,N/A,N/A,N/A,N/A,N/A,N/A,N/A,N/A,N/A,N/A,N/A,N/A,N/A,N/A,N/A,N/A,N/A,N/A,N/A,N/A,N/A,N/A,N/A,N/A,N/A,N/A,N/A,N/A,N/A,N/A,N/A,N/A
ExpA13_OwnDataTest,c10v5_own_test_resnet20_resnet20,N/A,OWN,resnet20 -> resnet20,soft,N/A,80,5,10.0,0.1,5.0,N/A,0.5,50000,1024,92.6%,83.6%,mean_rest,0.0064,1.5e-03,False,83.5%,0.0053,5.4e-02,False,83.8%,0.0051,9.2e-02,False,83.6%,0.0038,3.1e-01,False,N/A,N/A,N/A,N/A,N/A,N/A,N/A,N/A,N/A,N/A,N/A,N/A,N/A,N/A,N/A,N/A,N/A,N/A,N/A,N/A,N/A,N/A,N/A,N/A,N/A,N/A,N/A,N/A,N/A,N/A,N/A,N/A,N/A,N/A,N/A,N/A
ExpA1_MainTable,c10v5_resnet20_resnet20_T1_b0.5_d5.0,N/A,REC,resnet20 -> resnet20,soft,N/A,80,1,10.0,0.1,5.0,N/A,0.5,50000,4929,92.6%,82.7%,mean_rest,0.0198,0.0e+00,True,82.8%,0.0195,0.0e+00,True,82.7%,0.0193,0.0e+00,True,83.0%,0.0186,0.0e+00,True,N/A,N/A,N/A,N/A,N/A,N/A,N/A,N/A,N/A,N/A,N/A,N/A,N/A,N/A,N/A,N/A,N/A,N/A,N/A,N/A,N/A,N/A,N/A,N/A,N/A,N/A,N/A,N/A,N/A,N/A,N/A,N/A,N/A,N/A,N/A,N/A
ExpA1_MainTable,c10v5_resnet20_resnet20_T3_b0.5_d5.0,N/A,REC,resnet20 -> resnet20,soft,N/A,80,3,10.0,0.1,5.0,N/A,0.5,50000,4995,92.6%,83.9%,mean_rest,0.0143,0.0e+00,True,83.8%,0.0138,0.0e+00,True,83.6%,0.0131,9.6e-298,True,84.0%,0.0112,8.7e-207,True,N/A,N/A,N/A,N/A,N/A,N/A,N/A,N/A,N/A,N/A,N/A,N/A,N/A,N/A,N/A,N/A,N/A,N/A,N/A,N/A,N/A,N/A,N/A,N/A,N/A,N/A,N/A,N/A,N/A,N/A,N/A,N/A,N/A,N/A,N/A,N/A
ExpA1_MainTable,c10v5_resnet20_resnet20_T5_b0.5_d5.0,N/A,REC,resnet20 -> resnet20,soft,N/A,80,5,10.0,0.1,5.0,N/A,0.5,50000,5075,92.6%,84.4%,mean_rest,0.0145,0.0e+00,True,84.1%,0.0143,3.4e-297,True,84.2%,0.0139,6.9e-284,True,84.1%,0.0136,1.5e-285,True,N/A,N/A,N/A,N/A,N/A,N/A,N/A,N/A,N/A,N/A,N/A,N/A,N/A,N/A,N/A,N/A,N/A,N/A,N/A,N/A,N/A,N/A,N/A,N/A,N/A,N/A,N/A,N/A,N/A,N/A,N/A,N/A,N/A,N/A,N/A,N/A
ExpA1_MainTable,c10v5_resnet20_resnet20_T10_b0.5_d5.0,N/A,REC,resnet20 -> resnet20,soft,N/A,80,10,10.0,0.1,5.0,N/A,0.5,50000,4929,92.6%,84.8%,mean_rest,0.0170,0.0e+00,True,84.8%,0.0160,4.2e-305,True,84.7%,0.0153,1.5e-301,True,84.5%,0.0146,1.6e-278,True,N/A,N/A,N/A,N/A,N/A,N/A,N/A,N/A,N/A,N/A,N/A,N/A,N/A,N/A,N/A,N/A,N/A,N/A,N/A,N/A,N/A,N/A,N/A,N/A,N/A,N/A,N/A,N/A,N/A,N/A,N/A,N/A,N/A,N/A,N/A,N/A
ExpA1_MainTable,c10v5_resnet20_vgg11_T1_b0.5_d5.0,N/A,REC,resnet20 -> vgg11,soft,N/A,80,1,10.0,0.1,5.0,N/A,0.5,50000,4933,92.6%,84.2%,mean_rest,0.0135,0.0e+00,True,83.8%,0.0134,0.0e+00,True,83.7%,0.0127,0.0e+00,True,83.9%,0.0125,0.0e+00,True,N/A,N/A,N/A,N/A,N/A,N/A,N/A,N/A,N/A,N/A,N/A,N/A,N/A,N/A,N/A,N/A,N/A,N/A,N/A,N/A,N/A,N/A,N/A,N/A,N/A,N/A,N/A,N/A,N/A,N/A,N/A,N/A,N/A,N/A,N/A,N/A
ExpA1_MainTable,c10v5_resnet20_vgg11_T3_b0.5_d5.0,N/A,REC,resnet20 -> vgg11,soft,N/A,80,3,10.0,0.1,5.0,N/A,0.5,50000,4949,92.6%,85.6%,mean_rest,0.0098,1.6e-282,True,85.5%,0.0092,0.0e+00,True,85.5%,0.0086,0.0e+00,True,85.3%,0.0082,2.0e-285,True,N/A,N/A,N/A,N/A,N/A,N/A,N/A,N/A,N/A,N/A,N/A,N/A,N/A,N/A,N/A,N/A,N/A,N/A,N/A,N/A,N/A,N/A,N/A,N/A,N/A,N/A,N/A,N/A,N/A,N/A,N/A,N/A,N/A,N/A,N/A,N/A
ExpA1_MainTable,c10v5_resnet20_vgg11_T5_b0.5_d5.0,N/A,REC,resnet20 -> vgg11,soft,N/A,80,5,10.0,0.1,5.0,N/A,0.5,50000,4992,92.6%,85.8%,mean_rest,0.0097,6.9e-227,True,85.3%,0.0094,6.8e-280,True,85.6%,0.0083,2.0e-259,True,85.1%,0.0078,8.4e-225,True,N/A,N/A,N/A,N/A,N/A,N/A,N/A,N/A,N/A,N/A,N/A,N/A,N/A,N/A,N/A,N/A,N/A,N/A,N/A,N/A,N/A,N/A,N/A,N/A,N/A,N/A,N/A,N/A,N/A,N/A,N/A,N/A,N/A,N/A,N/A,N/A
ExpA1_MainTable,c10v5_resnet20_vgg11_T10_b0.5_d5.0,N/A,REC,resnet20 -> vgg11,soft,N/A,80,10,10.0,0.1,5.0,N/A,0.5,50000,5013,92.6%,85.6%,mean_rest,0.0101,2.4e-194,True,85.4%,0.0082,1.1e-226,True,85.3%,0.0078,1.5e-215,True,85.3%,0.0077,2.4e-192,True,N/A,N/A,N/A,N/A,N/A,N/A,N/A,N/A,N/A,N/A,N/A,N/A,N/A,N/A,N/A,N/A,N/A,N/A,N/A,N/A,N/A,N/A,N/A,N/A,N/A,N/A,N/A,N/A,N/A,N/A,N/A,N/A,N/A,N/A,N/A,N/A
ExpA1_MainTable,c10v5_vgg11_vgg11_T1_b0.5_d5.0,N/A,REC,vgg11 -> vgg11,soft,N/A,80,1,10.0,0.1,5.0,N/A,0.5,50000,5156,92.8%,82.8%,mean_rest,0.0290,0.0e+00,True,82.4%,0.0286,0.0e+00,True,82.4%,0.0255,0.0e+00,True,81.8%,0.0234,0.0e+00,True,N/A,N/A,N/A,N/A,N/A,N/A,N/A,N/A,N/A,N/A,N/A,N/A,N/A,N/A,N/A,N/A,N/A,N/A,N/A,N/A,N/A,N/A,N/A,N/A,N/A,N/A,N/A,N/A,N/A,N/A,N/A,N/A,N/A,N/A,N/A,N/A
ExpA1_MainTable,c10v5_vgg11_vgg11_T3_b0.5_d5.0,N/A,REC,vgg11 -> vgg11,soft,N/A,80,3,10.0,0.1,5.0,N/A,0.5,50000,5067,92.8%,84.1%,mean_rest,0.0084,0.0e+00,True,83.6%,0.0081,0.0e+00,True,83.3%,0.0075,0.0e+00,True,83.5%,0.0071,0.0e+00,True,N/A,N/A,N/A,N/A,N/A,N/A,N/A,N/A,N/A,N/A,N/A,N/A,N/A,N/A,N/A,N/A,N/A,N/A,N/A,N/A,N/A,N/A,N/A,N/A,N/A,N/A,N/A,N/A,N/A,N/A,N/A,N/A,N/A,N/A,N/A,N/A
ExpA1_MainTable,c10v5_vgg11_vgg11_T5_b0.5_d5.0,N/A,REC,vgg11 -> vgg11,soft,N/A,80,5,10.0,0.1,5.0,N/A,0.5,50000,5053,92.8%,84.9%,mean_rest,0.0080,0.0e+00,True,84.1%,0.0072,0.0e+00,True,84.5%,0.0065,0.0e+00,True,84.3%,0.0063,3.7e-261,True,N/A,N/A,N/A,N/A,N/A,N/A,N/A,N/A,N/A,N/A,N/A,N/A,N/A,N/A,N/A,N/A,N/A,N/A,N/A,N/A,N/A,N/A,N/A,N/A,N/A,N/A,N/A,N/A,N/A,N/A,N/A,N/A,N/A,N/A,N/A,N/A
ExpA1_MainTable,c10v5_vgg11_vgg11_T10_b0.5_d5.0,N/A,REC,vgg11 -> vgg11,soft,N/A,80,10,10.0,0.1,5.0,N/A,0.5,50000,5028,92.8%,84.3%,mean_rest,0.0054,2.0e-197,True,83.2%,0.0049,2.9e-186,True,82.8%,0.0040,7.4e-134,True,83.1%,0.0040,7.9e-107,True,N/A,N/A,N/A,N/A,N/A,N/A,N/A,N/A,N/A,N/A,N/A,N/A,N/A,N/A,N/A,N/A,N/A,N/A,N/A,N/A,N/A,N/A,N/A,N/A,N/A,N/A,N/A,N/A,N/A,N/A,N/A,N/A,N/A,N/A,N/A,N/A
ExpA2_CrossArch,c10v5_cross_b0.5_d5.0_T1,N/A,REC,resnet20 -> vgg11,soft,N/A,80,1,10.0,0.1,5.0,N/A,0.5,50000,4979,92.6%,84.1%,mean_rest,0.0132,0.0e+00,True,83.9%,0.0132,0.0e+00,True,84.0%,0.0125,0.0e+00,True,84.0%,0.0119,0.0e+00,True,N/A,N/A,N/A,N/A,N/A,N/A,N/A,N/A,N/A,N/A,N/A,N/A,N/A,N/A,N/A,N/A,N/A,N/A,N/A,N/A,N/A,N/A,N/A,N/A,N/A,N/A,N/A,N/A,N/A,N/A,N/A,N/A,N/A,N/A,N/A,N/A
ExpA2_CrossArch,c10v5_cross_b0.5_d7.0_T1,N/A,REC,resnet20 -> vgg11,soft,N/A,80,1,10.0,0.1,7.0,N/A,0.5,50000,5008,92.6%,83.3%,mean_rest,0.0136,0.0e+00,True,83.1%,0.0137,0.0e+00,True,83.1%,0.0129,0.0e+00,True,83.1%,0.0126,0.0e+00,True,N/A,N/A,N/A,N/A,N/A,N/A,N/A,N/A,N/A,N/A,N/A,N/A,N/A,N/A,N/A,N/A,N/A,N/A,N/A,N/A,N/A,N/A,N/A,N/A,N/A,N/A,N/A,N/A,N/A,N/A,N/A,N/A,N/A,N/A,N/A,N/A
ExpA2_CrossArch,c10v5_cross_b0.5_d5.0_T3,N/A,REC,resnet20 -> vgg11,soft,N/A,80,3,10.0,0.1,5.0,N/A,0.5,50000,4963,92.6%,85.4%,mean_rest,0.0099,1.6e-286,True,84.9%,0.0090,0.0e+00,True,85.2%,0.0085,0.0e+00,True,85.2%,0.0085,7.6e-294,True,N/A,N/A,N/A,N/A,N/A,N/A,N/A,N/A,N/A,N/A,N/A,N/A,N/A,N/A,N/A,N/A,N/A,N/A,N/A,N/A,N/A,N/A,N/A,N/A,N/A,N/A,N/A,N/A,N/A,N/A,N/A,N/A,N/A,N/A,N/A,N/A
ExpA2_CrossArch,c10v5_cross_b0.5_d7.0_T3,N/A,REC,resnet20 -> vgg11,soft,N/A,80,3,10.0,0.1,7.0,N/A,0.5,50000,4969,92.6%,85.1%,mean_rest,0.0107,0.0e+00,True,85.0%,0.0105,0.0e+00,True,85.3%,0.0097,0.0e+00,True,85.2%,0.0089,0.0e+00,True,N/A,N/A,N/A,N/A,N/A,N/A,N/A,N/A,N/A,N/A,N/A,N/A,N/A,N/A,N/A,N/A,N/A,N/A,N/A,N/A,N/A,N/A,N/A,N/A,N/A,N/A,N/A,N/A,N/A,N/A,N/A,N/A,N/A,N/A,N/A,N/A
ExpA2_CrossArch,c10v5_cross_b0.5_d5.0_T5,N/A,REC,resnet20 -> vgg11,soft,N/A,80,5,10.0,0.1,5.0,N/A,0.5,50000,5064,92.6%,86.2%,mean_rest,0.0098,5.9e-229,True,85.8%,0.0093,1.6e-275,True,86.1%,0.0083,1.2e-250,True,85.8%,0.0079,3.6e-216,True,N/A,N/A,N/A,N/A,N/A,N/A,N/A,N/A,N/A,N/A,N/A,N/A,N/A,N/A,N/A,N/A,N/A,N/A,N/A,N/A,N/A,N/A,N/A,N/A,N/A,N/A,N/A,N/A,N/A,N/A,N/A,N/A,N/A,N/A,N/A,N/A
ExpA2_CrossArch,c10v5_cross_b0.5_d7.0_T5,N/A,REC,resnet20 -> vgg11,soft,N/A,80,5,10.0,0.1,7.0,N/A,0.5,50000,5008,92.6%,85.8%,mean_rest,0.0112,0.0e+00,True,85.2%,0.0107,0.0e+00,True,85.4%,0.0095,0.0e+00,True,85.4%,0.0099,0.0e+00,True,N/A,N/A,N/A,N/A,N/A,N/A,N/A,N/A,N/A,N/A,N/A,N/A,N/A,N/A,N/A,N/A,N/A,N/A,N/A,N/A,N/A,N/A,N/A,N/A,N/A,N/A,N/A,N/A,N/A,N/A,N/A,N/A,N/A,N/A,N/A,N/A
ExpA2_CrossArch,c10v5_cross_b0.5_d5.0_T10,N/A,REC,resnet20 -> vgg11,soft,N/A,80,10,10.0,0.1,5.0,N/A,0.5,50000,5017,92.6%,86.0%,mean_rest,0.0120,2.4e-238,True,85.7%,0.0109,7.3e-274,True,85.6%,0.0098,1.1e-246,True,85.8%,0.0093,2.7e-193,True,N/A,N/A,N/A,N/A,N/A,N/A,N/A,N/A,N/A,N/A,N/A,N/A,N/A,N/A,N/A,N/A,N/A,N/A,N/A,N/A,N/A,N/A,N/A,N/A,N/A,N/A,N/A,N/A,N/A,N/A,N/A,N/A,N/A,N/A,N/A,N/A
ExpA2_CrossArch,c10v5_cross_b0.5_d7.0_T10,N/A,REC,resnet20 -> vgg11,soft,N/A,80,10,10.0,0.1,7.0,N/A,0.5,50000,4997,92.6%,86.0%,mean_rest,0.0138,0.0e+00,True,85.5%,0.0127,0.0e+00,True,85.7%,0.0115,0.0e+00,True,85.9%,0.0114,0.0e+00,True,N/A,N/A,N/A,N/A,N/A,N/A,N/A,N/A,N/A,N/A,N/A,N/A,N/A,N/A,N/A,N/A,N/A,N/A,N/A,N/A,N/A,N/A,N/A,N/A,N/A,N/A,N/A,N/A,N/A,N/A,N/A,N/A,N/A,N/A,N/A,N/A
ExpA3_VTempSweep,c10v5_vtemp_1.0,N/A,REC,resnet20 -> resnet20,soft,N/A,80,5,1.0,0.1,5.0,N/A,0.5,50000,4923,92.6%,84.3%,mean_rest,0.0043,3.2e-25,True,84.2%,0.0061,1.4e-16,False,84.3%,0.0065,2.2e-14,False,84.3%,0.0085,2.4e-19,False,N/A,N/A,N/A,N/A,N/A,N/A,N/A,N/A,N/A,N/A,N/A,N/A,N/A,N/A,N/A,N/A,N/A,N/A,N/A,N/A,N/A,N/A,N/A,N/A,N/A,N/A,N/A,N/A,N/A,N/A,N/A,N/A,N/A,N/A,N/A,N/A
ExpA3_VTempSweep,c10v5_vtemp_3.0,N/A,REC,resnet20 -> resnet20,soft,N/A,80,5,3.0,0.1,5.0,N/A,0.5,50000,5134,92.6%,84.3%,mean_rest,0.0215,3.4e-191,True,84.2%,0.0203,7.7e-153,True,84.3%,0.0210,6.1e-149,True,84.4%,0.0226,2.3e-132,True,N/A,N/A,N/A,N/A,N/A,N/A,N/A,N/A,N/A,N/A,N/A,N/A,N/A,N/A,N/A,N/A,N/A,N/A,N/A,N/A,N/A,N/A,N/A,N/A,N/A,N/A,N/A,N/A,N/A,N/A,N/A,N/A,N/A,N/A,N/A,N/A
ExpA3_VTempSweep,c10v5_vtemp_5.0,N/A,REC,resnet20 -> resnet20,soft,N/A,80,5,5.0,0.1,5.0,N/A,0.5,50000,4953,92.6%,84.3%,mean_rest,0.0232,3.4e-234,True,84.1%,0.0229,2.7e-229,True,84.2%,0.0221,4.4e-222,True,84.2%,0.0218,4.4e-204,True,N/A,N/A,N/A,N/A,N/A,N/A,N/A,N/A,N/A,N/A,N/A,N/A,N/A,N/A,N/A,N/A,N/A,N/A,N/A,N/A,N/A,N/A,N/A,N/A,N/A,N/A,N/A,N/A,N/A,N/A,N/A,N/A,N/A,N/A,N/A,N/A
ExpA3_VTempSweep,c10v5_vtemp_10.0,N/A,REC,resnet20 -> resnet20,soft,N/A,80,5,10.0,0.1,5.0,N/A,0.5,50000,5103,92.6%,84.9%,mean_rest,0.0154,0.0e+00,True,84.8%,0.0147,0.0e+00,True,84.7%,0.0140,1.2e-289,True,84.9%,0.0136,1.9e-287,True,N/A,N/A,N/A,N/A,N/A,N/A,N/A,N/A,N/A,N/A,N/A,N/A,N/A,N/A,N/A,N/A,N/A,N/A,N/A,N/A,N/A,N/A,N/A,N/A,N/A,N/A,N/A,N/A,N/A,N/A,N/A,N/A,N/A,N/A,N/A,N/A
ExpA3_VTempSweep,c10v5_vtemp_15.0,N/A,REC,resnet20 -> resnet20,soft,N/A,80,5,15.0,0.1,5.0,N/A,0.5,50000,4895,92.6%,84.0%,mean_rest,0.0101,0.0e+00,True,84.2%,0.0096,3.1e-266,True,84.1%,0.0094,1.5e-269,True,84.3%,0.0089,2.3e-229,True,N/A,N/A,N/A,N/A,N/A,N/A,N/A,N/A,N/A,N/A,N/A,N/A,N/A,N/A,N/A,N/A,N/A,N/A,N/A,N/A,N/A,N/A,N/A,N/A,N/A,N/A,N/A,N/A,N/A,N/A,N/A,N/A,N/A,N/A,N/A,N/A
ExpA3_VTempSweep,c10v5_vtemp_20.0,N/A,REC,resnet20 -> resnet20,soft,N/A,80,5,20.0,0.1,5.0,N/A,0.5,50000,5109,92.6%,84.2%,mean_rest,0.0076,0.0e+00,True,84.2%,0.0074,0.0e+00,True,84.3%,0.0071,5.3e-309,True,84.1%,0.0063,1.8e-229,True,N/A,N/A,N/A,N/A,N/A,N/A,N/A,N/A,N/A,N/A,N/A,N/A,N/A,N/A,N/A,N/A,N/A,N/A,N/A,N/A,N/A,N/A,N/A,N/A,N/A,N/A,N/A,N/A,N/A,N/A,N/A,N/A,N/A,N/A,N/A,N/A
ExpA3_VTempSweep,c10v5_vtemp_30.0,N/A,REC,resnet20 -> resnet20,soft,N/A,80,5,30.0,0.1,5.0,N/A,0.5,50000,4955,92.6%,83.5%,mean_rest,0.0054,0.0e+00,True,83.3%,0.0054,0.0e+00,True,83.0%,0.0052,0.0e+00,True,83.0%,0.0049,3.4e-309,True,N/A,N/A,N/A,N/A,N/A,N/A,N/A,N/A,N/A,N/A,N/A,N/A,N/A,N/A,N/A,N/A,N/A,N/A,N/A,N/A,N/A,N/A,N/A,N/A,N/A,N/A,N/A,N/A,N/A,N/A,N/A,N/A,N/A,N/A,N/A,N/A
ExpA4_MultiSeed,c10v5_seed_42,N/A,REC,resnet20 -> resnet20,soft,N/A,80,5,10.0,0.1,5.0,N/A,0.5,50000,5090,92.6%,84.8%,mean_rest,0.0158,0.0e+00,True,84.5%,0.0147,4.4e-299,True,84.8%,0.0146,6.9e-285,True,84.7%,0.0133,1.8e-251,True,N/A,N/A,N/A,N/A,N/A,N/A,N/A,N/A,N/A,N/A,N/A,N/A,N/A,N/A,N/A,N/A,N/A,N/A,N/A,N/A,N/A,N/A,N/A,N/A,N/A,N/A,N/A,N/A,N/A,N/A,N/A,N/A,N/A,N/A,N/A,N/A
ExpA4_MultiSeed,c10v5_seed_256,N/A,REC,resnet20 -> resnet20,soft,N/A,80,5,10.0,0.1,5.0,N/A,0.5,50000,4957,92.6%,83.7%,mean_rest,0.0119,1.3e-240,True,83.4%,0.0112,2.7e-209,True,83.7%,0.0112,7.4e-227,True,83.7%,0.0106,1.7e-194,True,N/A,N/A,N/A,N/A,N/A,N/A,N/A,N/A,N/A,N/A,N/A,N/A,N/A,N/A,N/A,N/A,N/A,N/A,N/A,N/A,N/A,N/A,N/A,N/A,N/A,N/A,N/A,N/A,N/A,N/A,N/A,N/A,N/A,N/A,N/A,N/A
ExpA4_MultiSeed,c10v5_seed_777,N/A,REC,resnet20 -> resnet20,soft,N/A,80,5,10.0,0.1,5.0,N/A,0.5,50000,5044,92.6%,83.5%,mean_rest,0.0107,1.3e-270,True,83.4%,0.0106,4.5e-250,True,83.5%,0.0091,1.3e-177,True,83.5%,0.0086,3.3e-151,True,N/A,N/A,N/A,N/A,N/A,N/A,N/A,N/A,N/A,N/A,N/A,N/A,N/A,N/A,N/A,N/A,N/A,N/A,N/A,N/A,N/A,N/A,N/A,N/A,N/A,N/A,N/A,N/A,N/A,N/A,N/A,N/A,N/A,N/A,N/A,N/A
ExpA4_MultiSeed,c10v5_seed_123,N/A,REC,resnet20 -> resnet20,soft,N/A,80,5,10.0,0.1,5.0,N/A,0.5,50000,5033,92.6%,84.0%,mean_rest,0.0190,0.0e+00,True,83.9%,0.0180,0.0e+00,True,83.8%,0.0184,0.0e+00,True,84.1%,0.0168,0.0e+00,True,N/A,N/A,N/A,N/A,N/A,N/A,N/A,N/A,N/A,N/A,N/A,N/A,N/A,N/A,N/A,N/A,N/A,N/A,N/A,N/A,N/A,N/A,N/A,N/A,N/A,N/A,N/A,N/A,N/A,N/A,N/A,N/A,N/A,N/A,N/A,N/A
ExpA4_MultiSeed,c10v5_seed_2024,N/A,REC,resnet20 -> resnet20,soft,N/A,80,5,10.0,0.1,5.0,N/A,0.5,50000,5082,92.6%,84.3%,mean_rest,0.0139,0.0e+00,True,84.2%,0.0139,2.0e-288,True,84.7%,0.0132,1.2e-306,True,84.5%,0.0133,0.0e+00,True,N/A,N/A,N/A,N/A,N/A,N/A,N/A,N/A,N/A,N/A,N/A,N/A,N/A,N/A,N/A,N/A,N/A,N/A,N/A,N/A,N/A,N/A,N/A,N/A,N/A,N/A,N/A,N/A,N/A,N/A,N/A,N/A,N/A,N/A,N/A,N/A
ExpA5_RWSweep,c10v5_rw_0.0,N/A,REC,resnet20 -> resnet20,soft,N/A,80,5,10.0,0.0,5.0,N/A,0.5,50000,0,92.6%,84.1%,mean_rest,0.0000,1.0e+00,False,83.9%,0.0000,1.0e+00,False,84.3%,0.0000,1.0e+00,False,83.9%,0.0000,1.0e+00,False,N/A,N/A,N/A,N/A,N/A,N/A,N/A,N/A,N/A,N/A,N/A,N/A,N/A,N/A,N/A,N/A,N/A,N/A,N/A,N/A,N/A,N/A,N/A,N/A,N/A,N/A,N/A,N/A,N/A,N/A,N/A,N/A,N/A,N/A,N/A,N/A
ExpA5_RWSweep,c10v5_rw_0.02,N/A,REC,resnet20 -> resnet20,soft,N/A,80,5,10.0,0.02,5.0,N/A,0.5,50000,1039,92.6%,84.6%,mean_rest,0.0110,9.6e-26,True,84.6%,0.0101,2.4e-19,False,84.5%,0.0100,1.3e-19,False,84.5%,0.0092,6.5e-17,False,N/A,N/A,N/A,N/A,N/A,N/A,N/A,N/A,N/A,N/A,N/A,N/A,N/A,N/A,N/A,N/A,N/A,N/A,N/A,N/A,N/A,N/A,N/A,N/A,N/A,N/A,N/A,N/A,N/A,N/A,N/A,N/A,N/A,N/A,N/A,N/A
ExpA5_RWSweep,c10v5_rw_0.05,N/A,REC,resnet20 -> resnet20,soft,N/A,80,5,10.0,0.05,5.0,N/A,0.5,50000,2488,92.6%,84.2%,mean_rest,0.0135,5.5e-92,True,84.1%,0.0125,8.2e-79,True,84.0%,0.0126,2.7e-86,True,84.4%,0.0114,3.1e-70,True,N/A,N/A,N/A,N/A,N/A,N/A,N/A,N/A,N/A,N/A,N/A,N/A,N/A,N/A,N/A,N/A,N/A,N/A,N/A,N/A,N/A,N/A,N/A,N/A,N/A,N/A,N/A,N/A,N/A,N/A,N/A,N/A,N/A,N/A,N/A,N/A
ExpA5_RWSweep,c10v5_rw_0.10,N/A,REC,resnet20 -> resnet20,soft,N/A,80,5,10.0,0.1,5.0,N/A,0.5,50000,4943,92.6%,83.9%,mean_rest,0.0142,8.7e-292,True,83.7%,0.0140,2.8e-264,True,83.7%,0.0129,3.5e-240,True,83.6%,0.0124,7.8e-224,True,N/A,N/A,N/A,N/A,N/A,N/A,N/A,N/A,N/A,N/A,N/A,N/A,N/A,N/A,N/A,N/A,N/A,N/A,N/A,N/A,N/A,N/A,N/A,N/A,N/A,N/A,N/A,N/A,N/A,N/A,N/A,N/A,N/A,N/A,N/A,N/A
ExpA5_RWSweep,c10v5_rw_0.20,N/A,REC,resnet20 -> resnet20,soft,N/A,80,5,10.0,0.2,5.0,N/A,0.5,50000,9863,92.6%,84.5%,mean_rest,0.0188,0.0e+00,True,84.6%,0.0176,0.0e+00,True,84.2%,0.0172,0.0e+00,True,84.6%,0.0159,0.0e+00,True,N/A,N/A,N/A,N/A,N/A,N/A,N/A,N/A,N/A,N/A,N/A,N/A,N/A,N/A,N/A,N/A,N/A,N/A,N/A,N/A,N/A,N/A,N/A,N/A,N/A,N/A,N/A,N/A,N/A,N/A,N/A,N/A,N/A,N/A,N/A,N/A
ExpA5_RWSweep,c10v5_rw_0.50,N/A,REC,resnet20 -> resnet20,soft,N/A,80,5,10.0,0.5,5.0,N/A,0.5,50000,25261,92.6%,83.9%,mean_rest,0.0300,0.0e+00,True,83.9%,0.0288,0.0e+00,True,83.7%,0.0276,0.0e+00,True,84.2%,0.0268,0.0e+00,True,N/A,N/A,N/A,N/A,N/A,N/A,N/A,N/A,N/A,N/A,N/A,N/A,N/A,N/A,N/A,N/A,N/A,N/A,N/A,N/A,N/A,N/A,N/A,N/A,N/A,N/A,N/A,N/A,N/A,N/A,N/A,N/A,N/A,N/A,N/A,N/A
ExpA6_DeltaSweep,c10v5_d_1.0,N/A,REC,resnet20 -> resnet20,soft,N/A,80,5,10.0,0.1,1.0,N/A,0.5,50000,5062,92.6%,84.1%,mean_rest,0.0040,7.0e-05,False,84.1%,0.0033,6.4e-02,False,84.0%,0.0035,3.8e-02,False,84.1%,0.0031,4.3e-01,False,N/A,N/A,N/A,N/A,N/A,N/A,N/A,N/A,N/A,N/A,N/A,N/A,N/A,N/A,N/A,N/A,N/A,N/A,N/A,N/A,N/A,N/A,N/A,N/A,N/A,N/A,N/A,N/A,N/A,N/A,N/A,N/A,N/A,N/A,N/A,N/A
ExpA6_DeltaSweep,c10v5_d_2.0,N/A,REC,resnet20 -> resnet20,soft,N/A,80,5,10.0,0.1,2.0,N/A,0.5,50000,4967,92.6%,84.6%,mean_rest,0.0062,1.0e-31,True,84.2%,0.0062,1.7e-22,True,84.5%,0.0059,1.0e-24,True,84.5%,0.0059,3.5e-23,True,N/A,N/A,N/A,N/A,N/A,N/A,N/A,N/A,N/A,N/A,N/A,N/A,N/A,N/A,N/A,N/A,N/A,N/A,N/A,N/A,N/A,N/A,N/A,N/A,N/A,N/A,N/A,N/A,N/A,N/A,N/A,N/A,N/A,N/A,N/A,N/A
ExpA6_DeltaSweep,c10v5_d_3.0,N/A,REC,resnet20 -> resnet20,soft,N/A,80,5,10.0,0.1,3.0,N/A,0.5,50000,4988,92.6%,84.4%,mean_rest,0.0089,1.1e-97,True,83.9%,0.0086,2.9e-80,True,84.2%,0.0081,2.5e-75,True,84.3%,0.0077,6.9e-68,True,N/A,N/A,N/A,N/A,N/A,N/A,N/A,N/A,N/A,N/A,N/A,N/A,N/A,N/A,N/A,N/A,N/A,N/A,N/A,N/A,N/A,N/A,N/A,N/A,N/A,N/A,N/A,N/A,N/A,N/A,N/A,N/A,N/A,N/A,N/A,N/A
ExpA6_DeltaSweep,c10v5_d_5.0,N/A,REC,resnet20 -> resnet20,soft,N/A,80,5,10.0,0.1,5.0,N/A,0.5,50000,4947,92.6%,84.4%,mean_rest,0.0143,0.0e+00,True,84.0%,0.0139,1.0e-290,True,84.1%,0.0141,3.1e-285,True,84.3%,0.0124,5.4e-225,True,N/A,N/A,N/A,N/A,N/A,N/A,N/A,N/A,N/A,N/A,N/A,N/A,N/A,N/A,N/A,N/A,N/A,N/A,N/A,N/A,N/A,N/A,N/A,N/A,N/A,N/A,N/A,N/A,N/A,N/A,N/A,N/A,N/A,N/A,N/A,N/A
ExpA6_DeltaSweep,c10v5_d_7.0,N/A,REC,resnet20 -> resnet20,soft,N/A,80,5,10.0,0.1,7.0,N/A,0.5,50000,5082,92.6%,83.7%,mean_rest,0.0196,0.0e+00,True,83.6%,0.0197,0.0e+00,True,83.6%,0.0182,0.0e+00,True,83.9%,0.0163,0.0e+00,True,N/A,N/A,N/A,N/A,N/A,N/A,N/A,N/A,N/A,N/A,N/A,N/A,N/A,N/A,N/A,N/A,N/A,N/A,N/A,N/A,N/A,N/A,N/A,N/A,N/A,N/A,N/A,N/A,N/A,N/A,N/A,N/A,N/A,N/A,N/A,N/A
ExpA7_BetaSweep,c10v5_beta_0.3,N/A,REC,resnet20 -> resnet20,soft,N/A,80,5,10.0,0.1,5.0,N/A,0.3,50000,5025,92.6%,84.5%,mean_rest,0.0101,1.7e-181,True,84.1%,0.0093,1.4e-144,True,84.3%,0.0095,3.8e-162,True,84.2%,0.0088,3.7e-151,True,N/A,N/A,N/A,N/A,N/A,N/A,N/A,N/A,N/A,N/A,N/A,N/A,N/A,N/A,N/A,N/A,N/A,N/A,N/A,N/A,N/A,N/A,N/A,N/A,N/A,N/A,N/A,N/A,N/A,N/A,N/A,N/A,N/A,N/A,N/A,N/A
ExpA7_BetaSweep,c10v5_beta_0.5,N/A,REC,resnet20 -> resnet20,soft,N/A,80,5,10.0,0.1,5.0,N/A,0.5,50000,5114,92.6%,84.0%,mean_rest,0.0153,0.0e+00,True,84.0%,0.0144,1.1e-291,True,84.0%,0.0143,3.1e-299,True,83.9%,0.0134,1.2e-272,True,N/A,N/A,N/A,N/A,N/A,N/A,N/A,N/A,N/A,N/A,N/A,N/A,N/A,N/A,N/A,N/A,N/A,N/A,N/A,N/A,N/A,N/A,N/A,N/A,N/A,N/A,N/A,N/A,N/A,N/A,N/A,N/A,N/A,N/A,N/A,N/A
ExpA7_BetaSweep,c10v5_beta_0.7,N/A,REC,resnet20 -> resnet20,soft,N/A,80,5,10.0,0.1,5.0,N/A,0.7,50000,5041,92.6%,84.5%,mean_rest,0.0182,0.0e+00,True,84.4%,0.0170,1.5e-310,True,84.0%,0.0161,1.1e-287,True,83.9%,0.0146,7.7e-255,True,N/A,N/A,N/A,N/A,N/A,N/A,N/A,N/A,N/A,N/A,N/A,N/A,N/A,N/A,N/A,N/A,N/A,N/A,N/A,N/A,N/A,N/A,N/A,N/A,N/A,N/A,N/A,N/A,N/A,N/A,N/A,N/A,N/A,N/A,N/A,N/A
ExpA7_BetaSweep,c10v5_beta_0.8,N/A,REC,resnet20 -> resnet20,soft,N/A,80,5,10.0,0.1,5.0,N/A,0.8,50000,4901,92.6%,84.1%,mean_rest,0.0180,0.0e+00,True,83.9%,0.0171,1.9e-306,True,84.1%,0.0162,1.7e-291,True,84.0%,0.0147,5.1e-274,True,N/A,N/A,N/A,N/A,N/A,N/A,N/A,N/A,N/A,N/A,N/A,N/A,N/A,N/A,N/A,N/A,N/A,N/A,N/A,N/A,N/A,N/A,N/A,N/A,N/A,N/A,N/A,N/A,N/A,N/A,N/A,N/A,N/A,N/A,N/A,N/A
ExpA7_BetaSweep,c10v5_beta_0.9,N/A,REC,resnet20 -> resnet20,soft,N/A,80,5,10.0,0.1,5.0,N/A,0.9,50000,5002,92.6%,84.5%,mean_rest,0.0175,0.0e+00,True,84.5%,0.0178,2.5e-305,True,84.5%,0.0163,6.2e-293,True,84.6%,0.0149,2.0e-239,True,N/A,N/A,N/A,N/A,N/A,N/A,N/A,N/A,N/A,N/A,N/A,N/A,N/A,N/A,N/A,N/A,N/A,N/A,N/A,N/A,N/A,N/A,N/A,N/A,N/A,N/A,N/A,N/A,N/A,N/A,N/A,N/A,N/A,N/A,N/A,N/A
ExpA8_NQSweep,c10v5_nq_10000,N/A,REC,resnet20 -> resnet20,soft,N/A,80,5,10.0,0.1,5.0,N/A,0.5,10000,1050,92.6%,68.4%,mean_rest,0.0211,2.0e-102,True,68.0%,0.0159,7.3e-70,True,68.8%,0.0134,1.1e-68,True,69.5%,0.0115,1.0e-59,True,N/A,N/A,N/A,N/A,N/A,N/A,N/A,N/A,N/A,N/A,N/A,N/A,N/A,N/A,N/A,N/A,N/A,N/A,N/A,N/A,N/A,N/A,N/A,N/A,N/A,N/A,N/A,N/A,N/A,N/A,N/A,N/A,N/A,N/A,N/A,N/A
ExpA8_NQSweep,c10v5_nq_50000,N/A,REC,resnet20 -> resnet20,soft,N/A,80,5,10.0,0.1,5.0,N/A,0.5,50000,5011,92.6%,83.4%,mean_rest,0.0155,0.0e+00,True,83.5%,0.0148,3.1e-296,True,83.4%,0.0144,8.5e-273,True,83.3%,0.0139,2.7e-272,True,N/A,N/A,N/A,N/A,N/A,N/A,N/A,N/A,N/A,N/A,N/A,N/A,N/A,N/A,N/A,N/A,N/A,N/A,N/A,N/A,N/A,N/A,N/A,N/A,N/A,N/A,N/A,N/A,N/A,N/A,N/A,N/A,N/A,N/A,N/A,N/A
ExpA8_NQSweep,c10v5_nq_20000,N/A,REC,resnet20 -> resnet20,soft,N/A,80,5,10.0,0.1,5.0,N/A,0.5,20000,1941,92.6%,75.7%,mean_rest,0.0185,7.0e-161,True,75.1%,0.0160,9.6e-123,True,75.4%,0.0153,8.0e-117,True,76.4%,0.0124,9.9e-90,True,N/A,N/A,N/A,N/A,N/A,N/A,N/A,N/A,N/A,N/A,N/A,N/A,N/A,N/A,N/A,N/A,N/A,N/A,N/A,N/A,N/A,N/A,N/A,N/A,N/A,N/A,N/A,N/A,N/A,N/A,N/A,N/A,N/A,N/A,N/A,N/A
ExpA8_NQSweep,c10v5_nq_30000,N/A,REC,resnet20 -> resnet20,soft,N/A,80,5,10.0,0.1,5.0,N/A,0.5,30000,3037,92.6%,80.0%,mean_rest,0.0169,4.6e-224,True,80.4%,0.0170,4.1e-214,True,79.8%,0.0149,3.2e-197,True,80.0%,0.0134,3.7e-175,True,N/A,N/A,N/A,N/A,N/A,N/A,N/A,N/A,N/A,N/A,N/A,N/A,N/A,N/A,N/A,N/A,N/A,N/A,N/A,N/A,N/A,N/A,N/A,N/A,N/A,N/A,N/A,N/A,N/A,N/A,N/A,N/A,N/A,N/A,N/A,N/A
ExpA9_TrigSizeSweep,c10v5_trig_2000,N/A,REC,resnet20 -> resnet20,soft,N/A,80,5,10.0,0.1,5.0,N/A,0.5,50000,2000,92.6%,84.1%,mean_rest,0.0142,1.7e-123,True,84.2%,0.0139,1.9e-112,True,84.0%,0.0127,1.2e-103,True,84.2%,0.0127,5.8e-104,True,N/A,N/A,N/A,N/A,N/A,N/A,N/A,N/A,N/A,N/A,N/A,N/A,N/A,N/A,N/A,N/A,N/A,N/A,N/A,N/A,N/A,N/A,N/A,N/A,N/A,N/A,N/A,N/A,N/A,N/A,N/A,N/A,N/A,N/A,N/A,N/A
ExpA9_TrigSizeSweep,c10v5_trig_500,N/A,REC,resnet20 -> resnet20,soft,N/A,80,5,10.0,0.1,5.0,N/A,0.5,50000,500,92.6%,83.7%,mean_rest,0.0148,2.2e-31,True,83.6%,0.0136,1.1e-28,True,83.6%,0.0133,1.4e-26,True,83.7%,0.0133,1.4e-28,True,N/A,N/A,N/A,N/A,N/A,N/A,N/A,N/A,N/A,N/A,N/A,N/A,N/A,N/A,N/A,N/A,N/A,N/A,N/A,N/A,N/A,N/A,N/A,N/A,N/A,N/A,N/A,N/A,N/A,N/A,N/A,N/A,N/A,N/A,N/A,N/A
ExpA9_TrigSizeSweep,c10v5_trig_0,N/A,REC,resnet20 -> resnet20,soft,N/A,80,5,10.0,0.1,5.0,N/A,0.5,50000,5023,92.6%,84.2%,mean_rest,0.0145,0.0e+00,True,83.8%,0.0138,1.9e-285,True,83.8%,0.0138,1.8e-289,True,83.8%,0.0128,1.8e-253,True,N/A,N/A,N/A,N/A,N/A,N/A,N/A,N/A,N/A,N/A,N/A,N/A,N/A,N/A,N/A,N/A,N/A,N/A,N/A,N/A,N/A,N/A,N/A,N/A,N/A,N/A,N/A,N/A,N/A,N/A,N/A,N/A,N/A,N/A,N/A,N/A
ExpA9_TrigSizeSweep,c10v5_trig_100,N/A,REC,resnet20 -> resnet20,soft,N/A,80,5,10.0,0.1,5.0,N/A,0.5,50000,100,92.6%,84.4%,mean_rest,0.0152,3.2e-06,False,84.1%,0.0148,1.2e-05,False,84.0%,0.0137,5.8e-05,False,83.9%,0.0142,5.0e-05,False,N/A,N/A,N/A,N/A,N/A,N/A,N/A,N/A,N/A,N/A,N/A,N/A,N/A,N/A,N/A,N/A,N/A,N/A,N/A,N/A,N/A,N/A,N/A,N/A,N/A,N/A,N/A,N/A,N/A,N/A,N/A,N/A,N/A,N/A,N/A,N/A
ExpA9_TrigSizeSweep,c10v5_trig_1000,N/A,REC,resnet20 -> resnet20,soft,N/A,80,5,10.0,0.1,5.0,N/A,0.5,50000,1000,92.6%,84.1%,mean_rest,0.0140,2.1e-57,True,83.9%,0.0134,6.6e-53,True,83.9%,0.0130,4.2e-48,True,83.6%,0.0117,6.1e-40,True,N/A,N/A,N/A,N/A,N/A,N/A,N/A,N/A,N/A,N/A,N/A,N/A,N/A,N/A,N/A,N/A,N/A,N/A,N/A,N/A,N/A,N/A,N/A,N/A,N/A,N/A,N/A,N/A,N/A,N/A,N/A,N/A,N/A,N/A,N/A,N/A
ExpB1_BGS_Adaptive,c10v5_bgs_q010_resnet20_resnet20,N/A,REC,resnet20 -> resnet20,hard(N/A),N/A,80,1,10.0,0.1,5.0,N/A,0.5,50000,645,92.6%,78.3%,mean_rest,97.52%,0.0e+00,True,79.8%,98.29%,0.0e+00,True,79.8%,98.45%,0.0e+00,True,80.5%,97.67%,0.0e+00,True,N/A,N/A,N/A,N/A,N/A,N/A,N/A,N/A,N/A,N/A,N/A,N/A,N/A,N/A,N/A,N/A,N/A,N/A,N/A,N/A,N/A,N/A,N/A,N/A,N/A,N/A,N/A,N/A,N/A,N/A,N/A,N/A,N/A,N/A,N/A,N/A
ExpB1_BGS_Adaptive,c10v5_bgs_q010_resnet20_vgg11,N/A,REC,resnet20 -> vgg11,hard(N/A),N/A,80,1,10.0,0.1,5.0,N/A,0.5,50000,504,92.6%,81.1%,mean_rest,97.42%,0.0e+00,True,81.6%,99.01%,0.0e+00,True,81.8%,98.02%,0.0e+00,True,82.0%,98.21%,0.0e+00,True,N/A,N/A,N/A,N/A,N/A,N/A,N/A,N/A,N/A,N/A,N/A,N/A,N/A,N/A,N/A,N/A,N/A,N/A,N/A,N/A,N/A,N/A,N/A,N/A,N/A,N/A,N/A,N/A,N/A,N/A,N/A,N/A,N/A,N/A,N/A,N/A
ExpB1_BGS_Adaptive,c10v5_bgs_q010_vgg11_vgg11,N/A,REC,vgg11 -> vgg11,hard(N/A),N/A,80,1,10.0,0.1,5.0,N/A,0.5,50000,453,92.8%,79.9%,mean_rest,97.79%,0.0e+00,True,81.6%,97.79%,0.0e+00,True,81.5%,97.13%,0.0e+00,True,81.5%,96.47%,0.0e+00,True,N/A,N/A,N/A,N/A,N/A,N/A,N/A,N/A,N/A,N/A,N/A,N/A,N/A,N/A,N/A,N/A,N/A,N/A,N/A,N/A,N/A,N/A,N/A,N/A,N/A,N/A,N/A,N/A,N/A,N/A,N/A,N/A,N/A,N/A,N/A,N/A
ExpB2_BGS_QSweep,c10v5_bgs_qsweep_0.30,N/A,REC,resnet20 -> resnet20,hard(N/A),N/A,80,1,10.0,0.1,5.0,N/A,0.5,50000,1574,92.6%,77.1%,mean_rest,94.16%,0.0e+00,True,78.5%,96.76%,0.0e+00,True,79.6%,96.12%,0.0e+00,True,80.2%,93.33%,0.0e+00,True,N/A,N/A,N/A,N/A,N/A,N/A,N/A,N/A,N/A,N/A,N/A,N/A,N/A,N/A,N/A,N/A,N/A,N/A,N/A,N/A,N/A,N/A,N/A,N/A,N/A,N/A,N/A,N/A,N/A,N/A,N/A,N/A,N/A,N/A,N/A,N/A
ExpB2_BGS_QSweep,c10v5_bgs_qsweep_0.10,N/A,REC,resnet20 -> resnet20,hard(N/A),N/A,80,1,10.0,0.1,5.0,N/A,0.5,50000,492,92.6%,79.8%,mean_rest,96.54%,0.0e+00,True,80.6%,99.19%,0.0e+00,True,81.6%,99.39%,0.0e+00,True,81.3%,98.17%,0.0e+00,True,N/A,N/A,N/A,N/A,N/A,N/A,N/A,N/A,N/A,N/A,N/A,N/A,N/A,N/A,N/A,N/A,N/A,N/A,N/A,N/A,N/A,N/A,N/A,N/A,N/A,N/A,N/A,N/A,N/A,N/A,N/A,N/A,N/A,N/A,N/A,N/A
ExpB2_BGS_QSweep,c10v5_bgs_qsweep_0.05,N/A,REC,resnet20 -> resnet20,hard(N/A),N/A,80,1,10.0,0.1,5.0,N/A,0.5,50000,209,92.6%,80.5%,mean_rest,96.17%,3.4e-188,True,80.8%,100.00%,1.0e-209,True,81.4%,98.56%,1.1e-200,True,81.3%,99.52%,1.9e-206,True,N/A,N/A,N/A,N/A,N/A,N/A,N/A,N/A,N/A,N/A,N/A,N/A,N/A,N/A,N/A,N/A,N/A,N/A,N/A,N/A,N/A,N/A,N/A,N/A,N/A,N/A,N/A,N/A,N/A,N/A,N/A,N/A,N/A,N/A,N/A,N/A
ExpB2_BGS_QSweep,c10v5_bgs_qsweep_0.20,N/A,REC,resnet20 -> resnet20,hard(N/A),N/A,80,1,10.0,0.1,5.0,N/A,0.5,50000,1099,92.6%,77.3%,mean_rest,88.17%,0.0e+00,True,79.3%,95.54%,0.0e+00,True,80.2%,96.09%,0.0e+00,True,80.3%,95.09%,0.0e+00,True,N/A,N/A,N/A,N/A,N/A,N/A,N/A,N/A,N/A,N/A,N/A,N/A,N/A,N/A,N/A,N/A,N/A,N/A,N/A,N/A,N/A,N/A,N/A,N/A,N/A,N/A,N/A,N/A,N/A,N/A,N/A,N/A,N/A,N/A,N/A,N/A
ExpB3_BGS_TauSweep,c10v5_bgs_tau_0.3,N/A,REC,resnet20 -> resnet20,hard(N/A),0.3,80,1,10.0,0.1,5.0,N/A,0.5,50000,3,92.6%,80.2%,mean_rest,100.00%,1.0e-03,False,81.0%,100.00%,1.0e-03,False,81.7%,100.00%,1.0e-03,False,82.0%,100.00%,1.0e-03,False,N/A,N/A,N/A,N/A,N/A,N/A,N/A,N/A,N/A,N/A,N/A,N/A,N/A,N/A,N/A,N/A,N/A,N/A,N/A,N/A,N/A,N/A,N/A,N/A,N/A,N/A,N/A,N/A,N/A,N/A,N/A,N/A,N/A,N/A,N/A,N/A
ExpB3_BGS_TauSweep,c10v5_bgs_tau_0.5,N/A,REC,resnet20 -> resnet20,hard(N/A),0.5,80,1,10.0,0.1,5.0,N/A,0.5,50000,3,92.6%,79.0%,mean_rest,100.00%,1.0e-03,False,81.0%,100.00%,1.0e-03,False,81.3%,100.00%,1.0e-03,False,81.8%,100.00%,1.0e-03,False,N/A,N/A,N/A,N/A,N/A,N/A,N/A,N/A,N/A,N/A,N/A,N/A,N/A,N/A,N/A,N/A,N/A,N/A,N/A,N/A,N/A,N/A,N/A,N/A,N/A,N/A,N/A,N/A,N/A,N/A,N/A,N/A,N/A,N/A,N/A,N/A
ExpB3_BGS_TauSweep,c10v5_bgs_tau_1.0,N/A,REC,resnet20 -> resnet20,hard(N/A),1.0,80,1,10.0,0.1,5.0,N/A,0.5,50000,7,92.6%,79.8%,mean_rest,100.00%,1.0e-07,False,80.5%,100.00%,1.0e-07,False,80.9%,100.00%,1.0e-07,False,81.4%,100.00%,1.0e-07,False,N/A,N/A,N/A,N/A,N/A,N/A,N/A,N/A,N/A,N/A,N/A,N/A,N/A,N/A,N/A,N/A,N/A,N/A,N/A,N/A,N/A,N/A,N/A,N/A,N/A,N/A,N/A,N/A,N/A,N/A,N/A,N/A,N/A,N/A,N/A,N/A
ExpB3_BGS_TauSweep,c10v5_bgs_tau_1.5,N/A,REC,resnet20 -> resnet20,hard(N/A),1.5,80,1,10.0,0.1,5.0,N/A,0.5,50000,7,92.6%,80.0%,mean_rest,100.00%,1.0e-07,False,81.2%,100.00%,1.0e-07,False,81.7%,100.00%,1.0e-07,False,81.9%,100.00%,1.0e-07,False,N/A,N/A,N/A,N/A,N/A,N/A,N/A,N/A,N/A,N/A,N/A,N/A,N/A,N/A,N/A,N/A,N/A,N/A,N/A,N/A,N/A,N/A,N/A,N/A,N/A,N/A,N/A,N/A,N/A,N/A,N/A,N/A,N/A,N/A,N/A,N/A
ExpB3_BGS_TauSweep,c10v5_bgs_tau_2.0,N/A,REC,resnet20 -> resnet20,hard(N/A),2.0,80,1,10.0,0.1,5.0,N/A,0.5,50000,9,92.6%,81.1%,mean_rest,100.00%,1.0e-09,False,81.7%,100.00%,1.0e-09,False,82.0%,100.00%,1.0e-09,False,82.1%,100.00%,1.0e-09,False,N/A,N/A,N/A,N/A,N/A,N/A,N/A,N/A,N/A,N/A,N/A,N/A,N/A,N/A,N/A,N/A,N/A,N/A,N/A,N/A,N/A,N/A,N/A,N/A,N/A,N/A,N/A,N/A,N/A,N/A,N/A,N/A,N/A,N/A,N/A,N/A
ExpB4_BGS_RWSweep,c10v5_bgs_rw_0.05,N/A,REC,resnet20 -> resnet20,hard(N/A),N/A,80,1,10.0,0.05,5.0,N/A,0.5,50000,239,92.6%,79.9%,mean_rest,98.33%,8.7e-228,True,80.5%,99.16%,2.3e-233,True,80.8%,99.16%,2.3e-233,True,81.5%,98.74%,1.6e-230,True,N/A,N/A,N/A,N/A,N/A,N/A,N/A,N/A,N/A,N/A,N/A,N/A,N/A,N/A,N/A,N/A,N/A,N/A,N/A,N/A,N/A,N/A,N/A,N/A,N/A,N/A,N/A,N/A,N/A,N/A,N/A,N/A,N/A,N/A,N/A,N/A
ExpB4_BGS_RWSweep,c10v5_bgs_rw_0.10,N/A,REC,resnet20 -> resnet20,hard(N/A),N/A,80,1,10.0,0.1,5.0,N/A,0.5,50000,615,92.6%,79.1%,mean_rest,95.77%,0.0e+00,True,80.0%,96.26%,0.0e+00,True,80.1%,96.10%,0.0e+00,True,80.3%,96.10%,0.0e+00,True,N/A,N/A,N/A,N/A,N/A,N/A,N/A,N/A,N/A,N/A,N/A,N/A,N/A,N/A,N/A,N/A,N/A,N/A,N/A,N/A,N/A,N/A,N/A,N/A,N/A,N/A,N/A,N/A,N/A,N/A,N/A,N/A,N/A,N/A,N/A,N/A
ExpB4_BGS_RWSweep,c10v5_bgs_rw_0.20,N/A,REC,resnet20 -> resnet20,hard(N/A),N/A,80,1,10.0,0.2,5.0,N/A,0.5,50000,1242,92.6%,79.6%,mean_rest,97.99%,0.0e+00,True,80.7%,97.83%,0.0e+00,True,81.1%,98.23%,0.0e+00,True,81.5%,98.07%,0.0e+00,True,N/A,N/A,N/A,N/A,N/A,N/A,N/A,N/A,N/A,N/A,N/A,N/A,N/A,N/A,N/A,N/A,N/A,N/A,N/A,N/A,N/A,N/A,N/A,N/A,N/A,N/A,N/A,N/A,N/A,N/A,N/A,N/A,N/A,N/A,N/A,N/A
ExpB4_BGS_RWSweep,c10v5_bgs_rw_0.50,N/A,REC,resnet20 -> resnet20,hard(N/A),N/A,80,1,10.0,0.5,5.0,N/A,0.5,50000,2693,92.6%,77.7%,mean_rest,97.59%,0.0e+00,True,79.0%,97.70%,0.0e+00,True,79.4%,97.14%,0.0e+00,True,79.9%,94.43%,0.0e+00,True,N/A,N/A,N/A,N/A,N/A,N/A,N/A,N/A,N/A,N/A,N/A,N/A,N/A,N/A,N/A,N/A,N/A,N/A,N/A,N/A,N/A,N/A,N/A,N/A,N/A,N/A,N/A,N/A,N/A,N/A,N/A,N/A,N/A,N/A,N/A,N/A
ExpB5_Plain_Baseline,c10v5_fp_plain_resnet20_resnet20,N/A,REC,resnet20 -> resnet20,hard(N/A),N/A,80,1,10.0,0.1,5.0,N/A,0.5,50000,0,92.6%,81.2%,mean_rest,0.00%,1.0e+00,False,81.2%,0.00%,1.0e+00,False,81.7%,0.00%,1.0e+00,False,82.0%,0.00%,1.0e+00,False,N/A,N/A,N/A,N/A,N/A,N/A,N/A,N/A,N/A,N/A,N/A,N/A,N/A,N/A,N/A,N/A,N/A,N/A,N/A,N/A,N/A,N/A,N/A,N/A,N/A,N/A,N/A,N/A,N/A,N/A,N/A,N/A,N/A,N/A,N/A,N/A
ExpB5_Plain_Baseline,c10v5_fp_plain_vgg11_vgg11,N/A,REC,vgg11 -> vgg11,hard(N/A),N/A,80,1,10.0,0.1,5.0,N/A,0.5,50000,0,92.8%,80.2%,mean_rest,0.00%,1.0e+00,False,81.7%,0.00%,1.0e+00,False,81.2%,0.00%,1.0e+00,False,80.9%,0.00%,1.0e+00,False,N/A,N/A,N/A,N/A,N/A,N/A,N/A,N/A,N/A,N/A,N/A,N/A,N/A,N/A,N/A,N/A,N/A,N/A,N/A,N/A,N/A,N/A,N/A,N/A,N/A,N/A,N/A,N/A,N/A,N/A,N/A,N/A,N/A,N/A,N/A,N/A
ExpC1_RandKwSoft,RANDKW_c10v5_resnet20_resnet20_T5_b0.5_d5.0.json,N/A,REC,resnet20 -> resnet20,soft,N/A,N/A,5,10.0,0.1,5.0,0.5,0.5,50000,N/A,N/A,84.4%,N/A,N/A,0.0e+00,True,N/A,N/A,N/A,N/A,N/A,N/A,N/A,N/A,N/A,N/A,N/A,N/A,76.97,8.00%,9.4e-224,1.0e+00,N/A,N/A,N/A,N/A,N/A,N/A,N/A,N/A,N/A,N/A,N/A,N/A,N/A,N/A,N/A,N/A,N/A,N/A,N/A,N/A,N/A,N/A,N/A,N/A,N/A,N/A,N/A,N/A,N/A,N/A,N/A,N/A
ExpC1_RandKwSoft,RANDKW_c10v5_resnet20_vgg11_T5_b0.5_d5.0.json,N/A,REC,resnet20 -> vgg11,soft,N/A,N/A,5,10.0,0.1,5.0,0.5,0.5,50000,N/A,N/A,85.8%,N/A,N/A,6.9e-227,True,N/A,N/A,N/A,N/A,N/A,N/A,N/A,N/A,N/A,N/A,N/A,N/A,-73.84,20.00%,0.0e+00,1.0e+00,N/A,N/A,N/A,N/A,N/A,N/A,N/A,N/A,N/A,N/A,N/A,N/A,N/A,N/A,N/A,N/A,N/A,N/A,N/A,N/A,N/A,N/A,N/A,N/A,N/A,N/A,N/A,N/A,N/A,N/A,N/A,N/A
ExpC1_RandKwSoft,RANDKW_c10v5_vgg11_vgg11_T5_b0.5_d5.0.json,N/A,REC,vgg11 -> vgg11,soft,N/A,N/A,5,10.0,0.1,5.0,0.5,0.5,50000,N/A,N/A,84.9%,N/A,N/A,0.0e+00,True,N/A,N/A,N/A,N/A,N/A,N/A,N/A,N/A,N/A,N/A,N/A,N/A,0.0,29.00%,0.0e+00,9.4e-01,N/A,N/A,N/A,N/A,N/A,N/A,N/A,N/A,N/A,N/A,N/A,N/A,N/A,N/A,N/A,N/A,N/A,N/A,N/A,N/A,N/A,N/A,N/A,N/A,N/A,N/A,N/A,N/A,N/A,N/A,N/A,N/A
ExpC2_RandKwHard,RANDKW_c10v5_bgs_q010_resnet20_resnet20.json,N/A,REC,resnet20 -> resnet20,hard(N/A),N/A,N/A,1,10.0,0.1,5.0,0.5,0.5,50000,N/A,N/A,78.3%,N/A,N/A,0.0e+00,True,N/A,N/A,N/A,N/A,N/A,N/A,N/A,N/A,N/A,N/A,N/A,N/A,69.81,22.00%,6.5e-231,1.0e+00,N/A,N/A,N/A,N/A,N/A,N/A,N/A,N/A,N/A,N/A,N/A,N/A,N/A,N/A,N/A,N/A,N/A,N/A,N/A,N/A,N/A,N/A,N/A,N/A,N/A,N/A,N/A,N/A,N/A,N/A,N/A,N/A
ExpC2_RandKwHard,RANDKW_c10v5_bgs_q010_vgg11_vgg11.json,N/A,REC,vgg11 -> vgg11,hard(N/A),N/A,N/A,1,10.0,0.1,5.0,0.5,0.5,50000,N/A,N/A,79.9%,N/A,N/A,0.0e+00,True,N/A,N/A,N/A,N/A,N/A,N/A,N/A,N/A,N/A,N/A,N/A,N/A,152.96,21.00%,9.1e-148,1.0e+00,N/A,N/A,N/A,N/A,N/A,N/A,N/A,N/A,N/A,N/A,N/A,N/A,N/A,N/A,N/A,N/A,N/A,N/A,N/A,N/A,N/A,N/A,N/A,N/A,N/A,N/A,N/A,N/A,N/A,N/A,N/A,N/A
ExpC3_SVHNSoft,SVHN_c10v5_svhn_resnet20_resnet20,N/A,REC,resnet20 -> resnet20,soft,N/A,80,5,10.0,0.1,5.0,N/A,0.5,50000,4855,92.6%,42.4%,N/A,-0.0099,1.0e+00,False,N/A,N/A,N/A,N/A,N/A,N/A,N/A,N/A,N/A,N/A,N/A,N/A,N/A,N/A,N/A,N/A,N/A,N/A,N/A,N/A,N/A,N/A,N/A,N/A,N/A,N/A,N/A,N/A,N/A,N/A,N/A,N/A,N/A,N/A,N/A,N/A,N/A,N/A,N/A,N/A,N/A,N/A,N/A,N/A,N/A,N/A,N/A,N/A
ExpC3_SVHNSoft,SVHN_c10v5_svhn_vgg11_vgg11,N/A,REC,vgg11 -> vgg11,soft,N/A,80,5,10.0,0.1,5.0,N/A,0.5,50000,4728,92.8%,36.0%,N/A,0.0170,9.0e-152,True,N/A,N/A,N/A,N/A,N/A,N/A,N/A,N/A,N/A,N/A,N/A,N/A,N/A,N/A,N/A,N/A,N/A,N/A,N/A,N/A,N/A,N/A,N/A,N/A,N/A,N/A,N/A,N/A,N/A,N/A,N/A,N/A,N/A,N/A,N/A,N/A,N/A,N/A,N/A,N/A,N/A,N/A,N/A,N/A,N/A,N/A,N/A,N/A
ExpC4_PruneSoft,PRUNE_c10v5_resnet20_resnet20_T5_b0.5_d5.0.json,N/A,REC,resnet20 -> resnet20,soft,N/A,N/A,5,10.0,0.1,5.0,0.5,0.5,50000,5075,N/A,84.4%,N/A,N/A,N/A,N/A,N/A,N/A,N/A,N/A,N/A,N/A,N/A,N/A,N/A,N/A,N/A,N/A,N/A,N/A,N/A,N/A,82.5%,-1.88,0.0088,2.6e-137,-136.59,True,8.6e-220,6.4e-128,52.1%,-32.26,-0.0010,7.5e-01,-0.12,False,1.0e+00,1.0e+00,10.0%,-74.38,-0.0011,1.0e+00,0.0,False,1.0e+00,1.0e+00,N/A,N/A,N/A,N/A,N/A,N/A,N/A,N/A
ExpC4_PruneSoft,PRUNE_c10v5_vgg11_vgg11_T5_b0.5_d5.0.json,N/A,REC,vgg11 -> vgg11,soft,N/A,N/A,5,10.0,0.1,5.0,0.5,0.5,50000,5053,N/A,84.9%,N/A,N/A,N/A,N/A,N/A,N/A,N/A,N/A,N/A,N/A,N/A,N/A,N/A,N/A,N/A,N/A,N/A,N/A,N/A,N/A,84.7%,-0.14,0.0079,3.1e-217,-216.51,True,0.0e+00,4.2e-218,71.8%,-13.06,0.0098,0.0e+00,-300.0,True,0.0e+00,0.0e+00,10.0%,-74.88,0.0046,0.0e+00,-300.0,True,1.2e-82,1.0e+00,N/A,N/A,N/A,N/A,N/A,N/A,N/A,N/A
ExpC5_QuantSoft,QUANT_c10v5_resnet20_resnet20_T5_b0.5_d5.0.json,N/A,REC,resnet20 -> resnet20,soft,N/A,N/A,5,10.0,0.1,5.0,0.5,0.5,50000,5075,N/A,84.4%,N/A,N/A,N/A,N/A,N/A,N/A,N/A,N/A,N/A,N/A,N/A,N/A,N/A,N/A,N/A,N/A,N/A,N/A,N/A,N/A,N/A,N/A,N/A,N/A,N/A,N/A,N/A,N/A,N/A,N/A,N/A,N/A,N/A,N/A,N/A,N/A,N/A,N/A,N/A,N/A,N/A,N/A,N/A,N/A,84.2%,-0.12,0.0133,4.5e-248,-247.35,True,1.0e-309,6.2e-249
ExpC5_QuantSoft,QUANT_c10v5_vgg11_vgg11_T5_b0.5_d5.0.json,N/A,REC,vgg11 -> vgg11,soft,N/A,N/A,5,10.0,0.1,5.0,0.5,0.5,50000,5053,N/A,84.9%,N/A,N/A,N/A,N/A,N/A,N/A,N/A,N/A,N/A,N/A,N/A,N/A,N/A,N/A,N/A,N/A,N/A,N/A,N/A,N/A,N/A,N/A,N/A,N/A,N/A,N/A,N/A,N/A,N/A,N/A,N/A,N/A,N/A,N/A,N/A,N/A,N/A,N/A,N/A,N/A,N/A,N/A,N/A,N/A,84.9%,-0.03,0.0069,2.0e-209,-208.69,True,0.0e+00,5.2e-210
ExpC6_PruneHard,PRUNE_c10v5_bgs_q010_resnet20_resnet20.json,N/A,REC,resnet20 -> resnet20,hard(N/A),N/A,N/A,1,10.0,0.1,5.0,0.5,0.5,50000,645,N/A,78.3%,N/A,N/A,N/A,N/A,N/A,N/A,N/A,N/A,N/A,N/A,N/A,N/A,N/A,N/A,N/A,N/A,N/A,N/A,N/A,N/A,76.1%,-2.15,90.08%,0.0e+00,-300.0,True,N/A,N/A,56.2%,-22.09,35.04%,7.5e-66,-65.13,True,N/A,N/A,10.1%,-68.23,16.43%,3.0e-07,-6.53,False,N/A,N/A,N/A,N/A,N/A,N/A,N/A,N/A,N/A,N/A
ExpC7_SVHNHard,SVHN_c10v5_svhn_hard_resnet20_resnet20,N/A,REC,resnet20 -> resnet20,hard(bgs),7.988782215118408,80,1,10.0,0.1,5.0,N/A,0.5,50000,2867,92.6%,26.2%,N/A,96.16%,0.0e+00,True,N/A,N/A,N/A,N/A,N/A,N/A,N/A,N/A,N/A,N/A,N/A,N/A,N/A,N/A,N/A,N/A,N/A,N/A,N/A,N/A,N/A,N/A,N/A,N/A,N/A,N/A,N/A,N/A,N/A,N/A,N/A,N/A,N/A,N/A,N/A,N/A,N/A,N/A,N/A,N/A,N/A,N/A,N/A,N/A,N/A,N/A,N/A,N/A
